date,ground_truth_raw,prediction_raw,ground_truth_kwh,prediction_kwh,itransformer_prediction_kwh,dlinear_prediction_kwh,absolute_error_kwh,squared_error_kwh2
2009-11-27,1380.025993313298,1797.016503749026,23.000433221888297,29.950275062483765,30.269911970572714,29.63836203557748,6.949841840595468,48.3003016092914
2009-11-28,1858.9499911541825,1842.4882209552052,30.98249985256971,30.708137015920087,27.891211850862057,33.45699228276689,0.27436283664962247,0.07527496613442743
2009-11-29,1650.9620022477422,1880.369576892071,27.516033370795704,31.339492948201187,31.60791889550973,31.077553056729933,3.823459577405483,14.618843140053716
2009-11-30,1745.1899991039788,1713.7827981398327,29.086499985066315,28.563046635663877,28.47231634014961,28.651584328077334,0.5234533494024376,0.2740034090006304
2009-12-01,1756.3779934274617,2025.6258080107214,29.27296655712436,33.760430133512024,36.541561628524484,31.046502803831117,4.487463576387665,20.13732934940597
2009-12-02,2345.667961699335,1973.0390463420813,39.09446602832225,32.88398410570135,36.00226455484715,29.841055935880963,6.2104819226209,38.570085711200996
2009-12-03,1479.6880011139767,1752.42490880359,24.661466685232945,29.207081813393167,30.33839492866396,28.10310615213243,4.545615128160222,20.66261689335907
2009-12-04,1711.293997247677,1939.6959319066568,28.521566620794616,32.32826553177761,35.669782500210665,29.06749516770143,3.8066989109829947,14.490956598879118
2009-12-05,2351.761962767233,2032.0064861782987,39.196032712787215,33.86677476963831,35.350296934553164,32.41910078513025,5.329257943148903,28.40099022461568
2009-12-06,2378.287964028738,1810.8878806397836,39.6381327338123,30.181464677329725,29.493450472457074,30.85285254488432,9.456668056482574,89.4285707304979
2009-12-07,1742.6380000501804,1822.9769718629987,29.043966667503007,30.382949531049977,34.23954979984952,26.619543019803245,1.3389828635469705,1.792875108872445
2009-12-08,2006.884008217307,1968.863417243508,33.448066803621785,32.814390287391795,36.77895729878087,28.9456252358389,0.6336765162299898,0.4015459272213765
2009-12-09,1802.356006931494,2056.55979471052,30.039266782191568,34.27599657850866,38.53414826963608,30.12074148923039,4.236729796317093,17.949879367001074
2009-12-10,2059.1639815101425,1900.7350676735214,34.319399691835706,31.67891779455869,36.08845457741794,27.375936071362958,2.6404818972770165,6.972144649847633
2009-12-11,1784.4620091560794,1946.8202803736285,29.741033485934658,32.44700467289381,35.68489913752463,29.287352552453836,2.705971186959154,7.322280064653132
2009-12-12,1816.3800060621816,1995.9262880054605,30.27300010103636,33.26543813342434,35.55165008311496,31.03447124981775,2.9924380323879802,8.954685377682047
2009-12-13,2138.814020229142,1791.2640490301153,35.64690033715237,29.85440081716859,28.903001349818293,30.7828097778855,5.792499519983778,33.5530506890123
2009-12-14,1794.8619969578,1941.134639783179,29.914366615963335,32.35224399638631,37.788596854918985,27.04725907694088,2.4378773804229787,5.943246121978005
2009-12-15,1940.1159934902144,2077.395036147652,32.33526655817024,34.623250602460864,39.73043468831267,29.639480005842906,2.2879840442906243,5.234870986928481
2009-12-16,1394.8740062757802,1930.6039286866428,23.247900104596336,32.17673214477738,33.52205463104845,30.8639188253584,8.928832040181046,79.72404160176362
2009-12-17,1717.1819999362315,1981.7510073865851,28.61969999893719,33.029183456443086,38.81755610193708,27.380684567114802,4.409483457505896,19.44354436201815
2009-12-18,1744.7059978824363,1664.3118216323746,29.078433298040604,27.738530360539578,25.719848534542724,29.708431211322726,1.3399029375010265,1.7953398819238797
2009-12-19,2204.333998228918,1934.1309996018006,36.73889997048197,32.23551666003001,32.35510832965267,32.11881437812544,4.503383310451959,20.280461240857242
2009-12-20,1144.166005204606,1848.0047643108383,19.06943342007677,30.800079405180636,29.027028673119734,32.53028431617884,11.730645985103866,137.60805522783346
2009-12-21,2034.966012818312,1808.2546035902499,33.916100213638536,30.137576726504165,32.171675208410214,28.152631016025545,3.778523487134372,14.277239742826094
2009-12-22,1888.0219987154885,1992.0145432269576,31.46703331192481,33.200242387115956,38.59132929997744,27.939429481807014,1.733209075191148,3.0040136983249544
2009-12-23,1455.2000034431128,1952.7451842067098,24.253333390718545,32.54575307011183,34.84917471955761,30.29799259379314,8.292419679393284,68.76422413918901
2009-12-24,2905.8940075491937,1926.146985495357,48.431566792486564,32.10244975825595,35.81780894111481,28.47687151033466,16.329117034230613,266.6400631176004
2009-12-25,2127.647995951245,1907.0716026057241,35.46079993252075,31.784526710095403,33.76203564986534,29.8548030426911,3.6762732224253476,13.51498480592165
2009-12-26,2183.618002439115,2057.259504604323,36.39363337398525,34.28765841007205,36.406761906696374,32.21976282706507,2.105974963913205,4.435130548629226
2009-12-27,2195.4520054862624,2046.466574970183,36.590866758104376,34.107776249503054,38.066521148025906,30.24469331060294,2.4830905086013217,6.165738473905971
2009-12-28,2094.0979994591926,1835.9640417224257,34.901633324319874,30.599400695373763,33.648722490418955,27.62376488932652,4.302232628946111,18.509205593568566
2009-12-29,2047.9680137766807,1911.7980572115114,34.13280022961134,31.86330095352519,33.56679172464375,30.200974308039783,2.269499276086151,5.150626964155563
2009-12-30,2451.1099604156807,1706.300164241523,40.85183267359468,28.43833607069205,24.676304676414734,32.10945891041671,12.41349660290263,154.0948979102751
2009-12-31,2211.892018941068,1987.363028517763,36.86486698235113,33.12271714196272,35.96397661255888,30.3501156720463,3.7421498403884144,14.003685427919034
2010-01-01,1224.2519913838605,2082.751095582688,20.404199856397675,34.712518259711466,39.23580563920152,30.298533973094898,14.308318403313791,204.72797553060812
2010-01-02,1311.815004681414,1996.6987235240408,21.8635834113569,33.278312058734016,32.44015329606427,34.09621531289397,11.414728647377117,130.29603009325183
2010-01-03,2083.454015154903,2110.2337435263134,34.72423358591505,35.170562392105225,38.07548387027495,32.335837393381475,0.44632880619017357,0.19920940323514552
2010-01-04,1604.1319994158198,2128.435017223621,26.735533323596997,35.47391695372701,41.86814145392671,29.23420732028446,8.738383630130016,76.35934846732424
2010-01-05,2219.779986468197,1954.6445418786068,36.99633310780328,32.57740903131011,34.45803342192719,30.742229353263124,4.41892407649317,19.52688999381101
2010-01-06,1777.1800004729362,2205.790664053011,29.619666674548935,36.763177734216846,42.028850187442096,31.62474803845741,7.143511059667912,51.02975025959777
2010-01-07,1769.4419939966738,1976.31096813791,29.490699899944563,32.938516135631836,36.897112061738945,29.07557861412391,3.4478162356872737,11.887436795068762
2010-01-08,1797.2080077894652,2163.1901870160964,29.95346679649109,36.053169783601604,41.3205337508929,30.91308886404311,6.099702987110515,37.20637653096494
2010-01-09,2336.900014112405,2047.255993344158,38.948333568540086,34.120933222402634,34.83434451557029,33.42476074632596,4.827400346137452,23.30379410188799
2010-01-10,2508.4660198025813,2000.0389424010148,41.80776699670969,33.333982373350246,35.42676312125993,31.291772681980603,8.473784623359442,71.80502584308293
2010-01-11,1518.6839991370707,2049.7269988041057,25.311399985617847,34.16211664673509,41.10890895426555,27.383190012288683,8.850716661117247,78.33518541537842
2010-01-12,2199.751796321885,2018.1783383740008,36.662529938698086,33.63630563956668,36.56489680315611,30.778482129208133,3.026224299131407,9.158033508653375
2010-01-13,2502.3611302053873,1988.5183096018588,41.706018836756456,33.14197182669765,36.14978787527449,30.20683806546767,8.564047010058808,73.3429011904972
2010-01-14,2693.4370239216078,2170.9904368762463,44.89061706536013,36.18317394793744,44.28532453436081,28.276809173897927,8.707443117422692,75.8195656431518
2010-01-15,2196.7600103823897,2095.849793181821,36.6126668397065,34.93082988636368,41.30206523422469,28.713553128716494,1.6818369533428168,2.828575537629448
2010-01-16,2150.112006981495,2185.1404463562326,35.83520011635825,36.419007439270544,38.916536083546845,33.98183022920156,0.5838073229122926,0.34083099028601793
2010-01-17,1906.5560023033604,1953.3909796289608,31.775933371722672,32.556516327149346,33.325996774719016,31.80563068422759,0.7805829554266737,0.6093097503026405
2010-01-18,1881.097991061799,1878.7200865902178,31.351633184363315,31.312001443170296,34.55180275472264,28.15048869111504,0.03963174119301982,0.0015706749099905042
2010-01-19,2433.5080027469116,2127.833588495368,40.55846671244853,35.463893141589466,39.71720864638396,31.313356415006222,5.094573570859062,25.954679868895653
2010-01-20,2351.727997056443,2185.640628013567,39.19546661760739,36.42734380022612,39.8304276823495,33.106494045888184,2.7681228173812684,7.662503932106811
2010-01-21,2137.8559921664387,1897.185407122958,35.63093320277398,31.61975678538263,32.90571782686373,30.36487003553107,4.011176417391351,16.08953625143651
2010-01-22,1790.6259934020097,2076.4754835970507,29.843766556700164,34.60792472661751,39.8119943773432,29.529608447773875,4.764158169917348,22.697203067990213
2010-01-23,2611.5409822622214,2073.7903235179974,43.52568303770369,34.56317205863329,37.564563333207495,31.63430800466411,8.962510979070402,80.32660304995748
2010-01-24,2269.41997895279,1888.651400400534,37.823666315879834,31.477523340008897,31.587798139321453,31.369913115496136,6.3461429758709365,40.273530670196024
2010-01-25,1930.5099948070426,1976.8689240066592,32.17516658011738,32.94781540011099,35.400472875617815,30.554424907339595,0.7726488199936128,0.5969861990375223
2010-01-26,2067.563994316078,2085.594139336536,34.45939990526797,34.7599023222756,38.40934324260972,31.19864934775161,0.30050241700762825,0.09030170262742651
2010-01-27,2760.902026410179,2213.1368459899722,46.015033773502985,36.88561409983287,43.434048750484784,30.495420996347416,9.129419673670114,83.34630357799493
2010-01-28,2110.2339872993575,1883.8918536040312,35.17056645498929,31.398197560067185,32.52528832307266,30.298342340396466,3.7723688949221064,14.230767079375834
2010-01-29,2092.990010345622,2043.5420703908167,34.883166839093704,34.05903450651361,37.081552101082366,31.109554701647475,0.824132332580092,0.6791941016039034
2010-01-30,2842.7280239482716,2290.486357864423,47.37880039913786,38.174772631073715,43.550088782286636,32.92934891488481,9.204027768064144,84.71412715529583
2010-01-31,1799.1959972772563,1997.7227734528126,29.98659995462094,33.29537955754687,35.43363278106777,31.208796062132144,3.3087796029259344,10.948022460738704
2010-02-01,1693.7780000485295,2020.1065425227644,28.229633334142157,33.668442375379406,38.75963833528514,28.700273930721266,5.438809041237249,29.580643787044046
2010-02-02,2157.4319833162326,2052.9613795511673,35.95719972193721,34.216022992519456,39.68933319880886,28.874973544090725,1.7411767294177523,3.0316964030659004
2010-02-03,2903.013991550347,1821.4019542260705,48.383566525839115,30.356699237101175,30.385541651083926,30.328553269162033,18.02686728873794,324.96794424576996
2010-02-04,2316.2699889494343,1934.7711882440406,38.60449981582391,32.24618647073401,35.626966473631114,28.947101755623127,6.358313345089897,40.42814859434827
2010-02-05,2098.8919995125725,1944.997508066371,34.98153332520954,32.41662513443951,36.16661634107482,28.757251478285653,2.5649081907700264,6.57875402707917
2010-02-06,2712.9859968923643,1827.1568466754209,45.2164332815394,30.452614111257013,29.268898933027206,31.607724554221917,14.763819170282389,217.97035649279778
2010-02-07,1625.7079985723321,1829.4311679177456,27.09513330953887,30.49051946529576,30.000543434160917,30.968655236542,3.3953861557568885,11.528647146705541
2010-02-08,2582.2379997417775,1870.8009973711446,43.037299995696294,31.18001662285241,33.94183113557427,28.48494073666291,11.857283372843884,140.59516898392005
2010-02-09,2420.931995182837,1961.2471754026958,40.348866586380616,32.68745292337827,35.92967774527583,29.523575742083587,7.6614136630023495,58.69725931563908
2010-02-10,1948.023991035788,1921.6953646821974,32.467066517263135,32.02825607803662,34.23849209569774,29.871429041435483,0.43881043922651486,0.1925546015741669
2010-02-11,1369.768003309675,1915.4127645359674,22.829466721827917,31.923546075599457,35.72017512842549,28.2186615157226,9.09407935377154,82.7022792926938
2010-02-12,1892.997995660594,1871.7237392857373,31.549966594343232,31.19539565476229,33.3762695478539,29.067221769461174,0.35457093958094177,0.12572055119531186
2010-02-13,2351.5559745450996,2022.2025437834436,39.19259957575166,33.70337572972406,36.05214729111173,31.41136062729287,5.489223846027599,30.131578431798026
2010-02-14,1688.4999987736066,1981.5282800821005,28.141666646226778,33.02547133470168,37.57777312359994,28.583173824751928,4.8838046884749,23.851548235169414
2010-02-15,2097.131998764131,1838.8445046385195,34.95219997940218,30.647408410641994,34.039451405316704,27.3373328323425,4.304791568760187,18.531230450468794
2010-02-16,1797.7560095922533,1690.9669311922785,29.962600159870888,28.182782186537974,27.99045642779661,28.370460344481796,1.7798179733329142,3.167752018198882
2010-02-17,2054.5600025445174,1867.7607818535855,34.24266670907529,31.129346364226425,35.174748516987634,27.181700503180434,3.113320344848862,9.692763569649838
2010-02-18,1761.1560060320433,1699.7499622363025,29.352600100534055,28.32916603727171,29.03299061691255,27.64234894426034,1.0234340632623464,1.0474172818456766
2010-02-19,1953.5719811140898,1936.022231505566,32.55953301856816,32.267037191759435,35.89478705121387,28.72695015034963,0.2924958268087252,0.08555380870051978
2010-02-20,1983.7280067729785,2055.3217933068454,33.06213344621631,34.255363221780755,39.195623715791264,29.434481773126794,1.193229775564447,1.4237972972935806
2010-02-21,2740.3140114684475,1795.1188524884367,45.67190019114079,29.918647541473945,30.8133362573135,29.045578616756092,15.753252649666848,248.16496904423556
2010-02-22,1474.0360012035917,1739.106084145774,24.56726668672653,28.985101402429567,32.05762192691651,25.986827206367973,4.417834715703037,19.51726357527094
2010-02-23,1461.279997718194,1828.736374113662,24.354666628636565,30.47893956856103,31.61703126732186,29.368349532041258,6.124272939924467,37.50671904269107
2010-02-24,1914.2780010164038,1770.7765092113298,31.904633350273397,29.51294182018883,31.216453582875065,27.850594860283092,2.391691530084568,5.720188375078262
2010-02-25,1880.2039940519714,1793.7270506084535,31.336733234199524,29.895450843474226,33.152867127467296,26.71674887537097,1.4412823907252985,2.077294929814832
2010-02-26,2120.1559971051634,1702.8014116283034,35.33593328508606,28.38002352713839,29.316183793505402,27.466485399249464,6.955909757947666,48.38468056071155
2010-02-27,1765.0560090755962,1691.2545935413436,29.417600151259936,28.187576559022393,27.6112197190525,28.750005663128068,1.2300235922375435,1.5129580374609508
2010-02-28,711.6660239660715,1659.8876100508435,11.861100399434525,27.66479350084739,27.787224026067577,27.54532143237442,15.803693101412867,249.75671564364464
2010-03-01,1298.72800818839,1783.6261723316532,21.645466803139833,29.72710287219422,33.11266150389999,26.423355320470545,8.081636069054387,65.31284155264083
2010-03-02,766.9059708161677,1639.503384295245,12.781766180269463,27.32505640492075,26.885826176662487,27.75367272945262,14.543290224651289,211.50729055843772
2010-03-03,935.8339865112937,1741.5964797199256,15.59723310852156,29.026607995332093,31.69390272671419,26.423767512755532,13.429374886810532,180.3481098504974
2010-03-04,682.8800028141535,1776.3447933955401,11.381333380235892,29.605746556592337,33.60073576671839,25.707295196178865,18.224413176356443,332.12923562255435
2010-03-05,1133.726018309258,1558.044211862936,18.895433638487635,25.967403531048934,26.082047750565657,25.85552969060455,7.071969892561299,50.01275816129347
2010-03-06,794.7120243314272,1666.0631481233358,13.245200405523786,27.76771913538893,28.415328804661893,27.135758849103055,14.522518729865144,210.90355025928392
2010-03-07,1372.4719948563732,1662.5673868085098,22.87453324760622,27.709456446808495,29.244372656216967,26.211631152470428,4.834923199202276,23.37648234218437
2010-03-08,2557.0980107504624,1656.5625152598043,42.618300179174376,27.60937525433007,29.72535752491431,25.544525056860625,15.008924924844305,225.26782739961263
2010-03-09,1760.1120073425086,1730.626824786136,29.335200122375145,28.843780413102266,31.77121026899624,25.987090976419427,0.49141970927287915,0.24149333066184106
2010-03-10,1822.631992376976,1710.4364341507094,30.3771998729496,28.507273902511823,30.666954945882313,26.399780731931003,1.8699259704377766,3.4966231349176606
2010-03-11,1951.0900058671646,1676.6605006757607,32.518166764452744,27.944341677929344,30.624264191561455,25.329178658429054,4.573825086523399,20.91987592211078
2010-03-12,1645.424001785637,1797.9745114973093,27.42373336309395,29.966241858288488,33.63885239072856,26.382378595364926,2.542508495194536,6.464349448136383
2010-03-13,2383.0100104053136,1807.3673306535513,39.71683350675523,30.122788844225855,32.066151952012554,28.226386243339444,9.594044662529374,92.04569298660837
2010-03-14,1566.7140001708374,1623.1892135957712,26.11190000284729,27.05315355992952,27.109382267174542,26.998283633474237,0.9412535570822307,0.8859582587199522
2010-03-15,1791.8499981700775,1739.6902862455881,29.86416663616796,28.994838104093137,32.86944033504066,25.213864528580284,0.869328532074821,0.755732096679363
2010-03-16,1542.6500000024698,1824.766428520917,25.7108333333745,30.41277380868195,34.25060558453976,26.667681339865506,4.7019404753074525,22.10824423333447
2010-03-17,2009.1300111576936,1514.6864919545449,33.48550018596156,25.244774865909083,24.275942663397093,26.190195608908937,8.24072532005248,67.90955380055405
2010-03-18,1562.6820003722446,1488.0127083637537,26.044700006204078,24.800211806062563,24.651468096833977,24.945361386474488,1.2444882001415145,1.5487508802914662
2010-03-19,1663.3840011127,1629.3370986635912,27.723066685211666,27.155618311059854,27.603234797568618,26.718818279976837,0.5674483741518124,0.32199765732753527
2010-03-20,916.6067533297035,1789.5149164965494,15.276779222161725,29.825248608275825,33.163834883002785,26.56733800672142,14.5484693861141,211.65796147869918
2010-03-21,1762.1152326455463,1517.6587658933145,29.368587210759106,25.294312764888573,24.496509698566317,26.072837277032022,4.0742744458705324,16.599712260273634
2010-03-22,1618.5900009010156,1659.73105697058,26.976500015016928,27.662184282843,30.698243554646314,24.699490370770107,0.6856842678260726,0.4701629151441773
2010-03-23,1822.1619979482502,1549.687671916504,30.369366632470836,25.828127865275068,24.999487551215484,26.63674436102088,4.541238767195768,20.62284954068174
2010-03-24,1994.7519926239372,1517.2390394976921,33.245866543732284,25.287317324961535,24.29370762397458,26.256916777736315,7.958549218770749,63.33850566759649
2010-03-25,1679.8840030507358,1456.550963181025,27.998066717512263,24.27584938635042,25.134481698974813,23.437965545502454,3.7222173311618434,13.854901860401595
2010-03-26,1651.284001045768,1528.915885110571,27.521400017429468,25.481931418509518,25.8555656217355,25.117326001720354,2.0394685989199495,4.159432165980502
2010-03-27,1847.9700063376556,1634.7629584468766,30.799500105627594,27.246049307447944,27.75103075444545,26.75327047881166,3.55345079817965,12.627012575083592
2010-03-28,1798.213998198565,1583.171740496682,29.970233303309417,26.3861956749447,28.243290549642335,24.573976878334786,3.5840376283647153,12.845325721534174
2010-03-29,1622.7379998486392,1561.7407228187535,27.045633330810652,26.029012046979226,26.783665507011452,25.292594588145853,1.0166212838314266,1.033518834739058
2010-03-30,1906.4540035988898,1368.7570358675948,31.77423339331483,22.812617264459913,20.05458665109796,25.504001174041502,8.961616128854917,80.3105636409526
2010-03-31,1923.802010699129,1580.0406890486229,32.06336684498548,26.334011484143716,28.01293924320861,24.69565466963837,5.729355360841765,32.82551285080628
2010-04-01,1687.440002478063,1567.554438211468,28.12400004130105,26.125907303524468,27.538626899798498,24.74732575203922,1.998092737776581,3.9923745887555127
2010-04-02,1648.6219994058895,1460.153806884009,27.477033323431492,24.33589678140015,22.489053240347744,26.138111868684305,3.14113654203134,9.866738775684606
2010-04-03,1805.27799252274,1643.4125288279458,30.087966542045667,27.3902088137991,27.327680012306207,27.451226476349785,2.697757728246568,7.277896760314084
2010-04-04,1690.3880006845397,1592.3984918060391,28.17313334474233,26.539974863433986,28.099648807079312,25.017990009894323,1.6331584813083424,2.6672066250693716
2010-04-05,1118.819987362317,1377.1726298339224,18.64699978937195,22.95287716389871,21.482332866410875,24.38788646162649,4.305877374526759,18.540579964461454
2010-04-06,1825.8519905144447,1653.7104163530944,30.430866508574077,27.561840272551574,29.556170229501053,25.615702807451896,2.8690262360225027,8.23131154298545
2010-04-07,1596.9820001842293,1383.766385956328,26.616366669737154,23.062773099272132,21.27574875461443,24.806614911350184,3.553593570465022,12.628027264050344
2010-04-08,1649.2200000757118,1432.7422390971135,27.487000001261865,23.879037318285224,23.370168876244648,24.375609272413975,3.607962682976641,13.017394721752003
2010-04-09,1233.3500076722917,1639.2270015280674,20.555833461204863,27.32045002546779,28.633466235159798,26.03916257031357,6.764616564262926,45.76003726150036
2010-04-10,1190.2079888182539,1595.4871940359692,19.836799813637565,26.59145323393282,26.50408194898076,26.676713215787082,6.754653420295256,45.625342828306394
2010-04-11,1603.1810001425501,1513.8901057343971,26.71968333570917,25.23150176223995,24.717618620897806,25.732967121652226,1.4881815734692196,2.214684395613322
2010-04-12,1439.4259982587855,1575.3861678052197,23.990433304313093,26.256436130086993,28.417868953637164,24.147233712644056,2.2660028257738993,5.1347688064152965
2010-04-13,1512.7039975174525,1266.9290131565735,25.211733291957543,21.115483552609557,16.674835235016833,25.44882560020369,4.096249739347986,16.77926192710844
2010-04-14,1660.3639984433678,1412.5907810482468,27.672733307389464,23.543179684137446,22.453693283176186,24.606338934926328,4.1295536232520185,17.053213127313875
2010-04-15,1872.1779900387082,1503.2882840095,31.202966500645136,25.054804733491668,25.649054768817376,24.47491462332268,6.148161767153468,37.799893115087656
2010-04-16,1562.0620004548575,1571.3669102267781,26.034366674247625,26.189448503779637,26.491475327585253,25.89472005869421,0.155081829532012,0.024050373850996027
2010-04-17,1557.71199999009,1469.4271467770875,25.9618666665015,24.49045244628479,21.61569026439563,27.29574692855727,1.4714142202167082,2.1650598074559433
2010-04-18,1476.10600000625,1452.3017146231805,24.601766666770835,24.205028577053007,23.44032540399731,24.951252822300077,0.39673808971782876,0.15740111183295194
2010-04-19,1708.5939974845735,1297.658108612936,28.47656662474289,21.627635143548936,19.562986482057834,23.642392604433656,6.848931481193954,46.907862434089616
2010-04-20,1833.6280052711422,1673.8825951106965,30.560466754519037,27.898043251844943,31.001240243896646,24.869833895273743,2.6624235026740948,7.088498907591395
2010-04-21,1579.9139999913664,1414.3977182648582,26.331899999856105,23.573295304414305,21.189281778779822,25.89969992722926,2.7586046954418,7.6098998657135475
2010-04-22,1460.9039981123292,1363.2099396237872,24.34839996853882,22.720165660396454,22.422675533349903,23.01046752980968,1.6282343081423676,2.6511469622118544
2010-04-23,1180.5360088978541,1499.5192835840421,19.67560014829757,24.991988059734034,24.358392970472202,25.610272762898024,5.316387911436465,28.263980424867775
2010-04-24,1518.418002117286,1648.1661945997635,25.306966701954767,27.469436576662723,28.05368573821717,26.899305429376245,2.1624698747079556,4.676275959019441
2010-04-25,1542.7419989335338,1558.441419723624,25.71236664889223,25.9740236620604,26.772254050678615,25.195082323404836,0.2616570131681719,0.06846439254008889
2010-04-26,1082.7159806888535,1282.2505349424985,18.045266344814227,21.37084224904164,17.985355056380694,24.67452022387569,3.3255759042274136,11.059455094777979
2010-04-27,1250.940000147487,1472.1144195558552,20.849000002458116,24.53524032593092,23.291300170760337,25.749121148697643,3.6862403234728056,13.588367722396894
2010-04-28,867.8579950937727,1629.867960174227,14.464299918229546,27.164466002903783,29.36775804383602,25.014415856924312,12.700166084674237,161.29421857830974
2010-04-29,1103.724016585302,1426.7545027619553,18.3954002764217,23.779241712699257,24.53410661198974,23.042617808569293,5.383841436277557,28.985748610979183
2010-04-30,1118.6280160902104,1413.6308285830278,18.643800268170175,23.56051380971713,21.915771834328787,25.16551112959279,4.9167135415469545,24.174072049631196
2010-05-01,1320.157994909487,1412.5379838698125,22.00263324849145,23.542299731163542,18.993913208209975,27.980775760075783,1.539666482672093,2.370572877863854
2010-05-02,2187.9099925373316,1268.3296924382405,36.46516654228886,21.13882820730401,16.712812366674076,25.457891248849066,15.326338334984854,234.8966467584263
2010-05-03,1411.302003750961,1419.925383765621,23.521700062516015,23.66542306276035,24.722558410774415,22.63383343688336,0.1437230002443357,0.02065630079923332
2010-05-04,1516.9600006200567,1405.0352183809568,25.282666677000943,23.417253639682613,21.388459930071747,25.397021966210197,1.86541303731833,3.479765799797197
2010-05-05,1805.3079969215655,1410.134727001661,30.088466615359426,23.502245450027683,23.280765789525194,23.718373276494567,6.586221165331743,43.378309238663824
2010-05-06,1299.2500075331573,1260.0825456452787,21.65416679221929,21.001375760754645,18.016486228387148,23.914136912302904,0.6527910314646448,0.42613613076067486
2010-05-07,1644.0039984116324,1442.3953469210278,27.400066640193874,24.039922448683797,23.516692896478652,24.55050864425,3.360144191510077,11.29056898773891
2010-05-08,1533.4219993562626,1452.2439911978163,25.557033322604376,24.204066519963604,21.471502571786274,26.870599122009697,1.352966802640772,1.8305191690479936
2010-05-09,1566.5100002225936,1221.3410974661142,26.108500003709892,20.35568495776857,16.661130449915717,23.96096249759484,5.752815045941322,33.09488095280885
2010-05-10,1467.8919961900547,1307.113150838645,24.46486660316758,21.785219180644084,19.35509547588691,24.156619990556955,2.6796474225234945,7.180510309036808
2010-05-11,1571.368000222394,1455.8410148193761,26.189466670373232,24.26401691365627,21.490519577803354,26.970493506464514,1.9254497567169615,3.707356765641406
2010-05-12,2035.4180086706265,1355.9506830914122,33.92363347784377,22.599178051523538,20.55019688671098,24.598646541095174,11.324455426320235,128.2432907027138
2010-05-13,1554.1879990917043,1543.4864030913627,25.90313331819507,25.724773384856046,30.21820330649426,21.339926071317,0.17835993333902422,0.031812265820701166
2010-05-14,1722.1460012161328,1506.1146394670484,28.702433353602213,25.10191065778414,23.77676944774525,26.395030247058838,3.600522695818075,12.963763683101059
2010-05-15,1944.7720180007218,1518.7225609854597,32.4128669666787,25.312042683090997,21.5794378270243,28.954450327890218,7.100824283587702,50.421705506388804
2010-05-16,2100.4259820204365,1419.5160989820479,35.00709970034061,23.6586016497008,23.48955367735363,23.823564730693526,11.348498050639812,128.7884080053756
2010-05-17,1628.1820004092783,1407.838263041178,27.136366673487974,23.4639710506863,22.91407357390776,24.000580526554135,3.672395622801673,13.486489610372889
2010-05-18,1421.1840043059292,1452.7718309384281,23.686400071765487,24.212863848973804,21.02547712760634,27.323228445664835,0.5264637772083169,0.2771641087124484
2010-05-19,1426.7520040882548,1396.894173805372,23.77920006813758,23.281569563422867,21.600187991669095,24.922321109511298,0.4976305047147136,0.24763611922262058
2010-05-20,1153.897993922657,1232.1073339519419,19.23163323204428,20.535122232532366,18.84337996783726,22.185983419184232,1.303489000488085,1.699083574393427
2010-05-21,1294.395998682126,1480.9842744323641,21.573266644702098,24.6830712405394,23.876317217403205,25.470330191633444,3.1098045958373035,9.670884624290814
2010-05-22,2095.771988951962,1398.201122351642,34.92953314919937,23.30335203919403,16.38788389066316,30.05171004179027,11.62618111000534,135.168087202645
2010-05-23,1487.555999565923,1418.054385024503,24.792599992765382,23.634239750408383,21.65736495912638,25.5633439972795,1.1583602423569985,1.3417984510733643
2010-05-24,1341.3319996200212,1498.0462748087948,22.35553332700035,24.967437913479912,25.788431795084342,24.166283221733668,2.611904586479561,6.822045568872966
2010-05-25,1198.6260002006006,1558.1596206241263,19.977100003343345,25.969327010402104,26.947236288420903,25.015048651117556,5.992227007058759,35.90678450412437
2010-05-26,1387.8839970704423,1320.139894760974,23.13139995117404,22.002331579349566,19.607431725147748,24.339359712918856,1.1290683718244736,1.274795388254368
2010-05-27,1323.3419958941329,1407.9355081712915,22.05569993156888,23.46559180285486,24.23648393335054,22.7133278265138,1.4098918712859785,1.987795088718278
2010-05-28,1398.1640079057015,1316.3551151095257,23.302733465095024,21.939251918492097,16.198252162631057,27.541522127912437,1.3634815466029266,1.8590819279267088
2010-05-29,2049.8080127123767,1512.792761377079,34.16346687853961,25.213212689617983,21.779052738353293,28.564387048831907,8.950254188921626,80.10705004630911
2010-05-30,1665.6999973883292,1332.671291858007,27.76166662313882,22.21118819763345,20.17047635618938,24.20258661444266,5.550478425505368,30.80781075200055
2010-05-31,1340.461993940602,1366.4942735304369,22.341033232343367,22.774904558840614,22.223274262008033,23.31320521020082,0.4338713264972469,0.18824432795648063
2010-06-01,1268.9639898985852,1448.5613829234114,21.149399831643088,24.14268971539019,21.355615575284233,26.86241511920659,2.993289883747103,8.959784328142744
2010-06-02,980.8979933014748,1261.0574956201162,16.348299888357914,21.017624927001936,17.715276869552078,24.24017269350857,4.669325038644022,21.802596316507998
2010-06-03,1394.1859974880863,1231.1495090334415,23.236433291468106,20.519158483890692,18.986229617294303,22.015044682164966,2.7172748075774145,7.383582379894875
2010-06-04,1420.554003345484,1308.9305398245153,23.675900055758067,21.815508997075256,18.76802768851185,24.789349177652277,1.8603910586828114,3.4610548912269516
2010-06-05,2009.6440066208515,1406.2562369292364,33.49406677701419,23.437603948820605,20.655007784102448,26.152959551537457,10.056462828193585,101.13244461483932
2010-06-06,1746.7920044483137,1408.9802584943786,29.11320007413856,23.483004308239643,24.23069991002244,22.753376351897227,5.630195765898918,31.699104362346105
2010-06-07,1012.0820098866791,1487.9712161602324,16.86803349811132,24.799520269337208,27.644023952859865,22.023753135586226,7.931486771225888,62.90848240213126
2010-06-08,1362.0339987742173,1657.3119091471265,22.700566646236954,27.62186515245211,29.57546385020828,25.715474289663728,4.921298506215155,24.21917898727552
2010-06-09,1534.682001277153,1420.8684502577526,25.578033354619215,23.681140837629208,23.160984180072457,24.188728286181224,1.8968925169900075,3.598201221012686
2010-06-10,1215.1900128770924,1197.4006343663707,20.253166881284873,19.95667723943951,18.45367015969267,21.423364844227937,0.296489641845362,0.08790610772159102
2010-06-11,1470.6720042976228,1490.3096497131146,24.511200071627048,24.838494161885244,23.23426946712942,26.4039531869014,0.3272940902581958,0.10712142151794
2010-06-12,1974.4669875758293,1594.7201481870325,32.90778312626382,26.57866913645054,24.979933905928053,28.138771333469425,6.329113989813283,40.057683896050214
2010-06-13,1674.3560023620373,1188.5071436618093,27.905933372700623,19.80845239436349,16.258278566113116,23.272837409844556,8.097480978337135,65.56919819453172
2010-06-14,1217.9840176202672,1352.5571388610751,20.299733627004453,22.54261898101792,21.114448194320136,23.936278953313888,2.242885354013467,5.030534711248114
2010-06-15,1223.9660049744725,1447.582542737081,20.39943341624121,24.126375712284684,23.521235370150993,24.7168930575184,3.7269422960434753,13.890098878037811
2010-06-16,1768.091999193727,1435.786426083847,29.468199986562116,23.929773768064116,23.74353810325047,24.111509280914436,5.5384262184979995,30.674164977746052
2010-06-17,1028.0179819442874,1409.408953706576,17.13363303240479,23.490149228442935,25.389025363934625,21.637159220946394,6.356516196038143,40.40529815049523
2010-06-18,1332.315992646457,1527.087277486074,22.20526654410762,25.4514546247679,25.14795633862229,25.74761898195775,3.246188080660282,10.537737055020886
2010-06-19,1416.2200030260278,1550.1546039463653,23.603666717100463,25.835910065772755,25.5272747282648,26.1370873870741,2.2322433486722915,4.9829103676916855
2010-06-20,1672.5499996087613,1364.9610832849658,27.87583332681269,22.74935138808276,23.44471128734629,22.070795238741496,5.126481938729928,26.280817068124158
2010-06-21,1660.88999972894,1466.3355865621475,27.681499995482334,24.438926442702456,25.43114841485071,23.470681242294557,3.242573552779877,10.514283245187515
2010-06-22,1520.5879986540126,1393.2039171517133,25.34313331090021,23.22006528586189,19.688248583541586,26.6665367069234,2.1230680250383216,4.507417838940119
2010-06-23,1442.0639984110455,1421.8429126865021,24.034399973517427,23.69738187810837,24.980877510752318,22.44490154063158,0.33701809540905714,0.11358119663314833
2010-06-24,1095.7799812580654,1250.0675567376284,18.262999687634423,20.834459278960473,19.55693278479987,22.08111462569483,2.5714595913260503,6.612404429822737
2010-06-25,1099.4379989266624,1462.3425028446484,18.323966648777706,24.372375047410806,22.85304736237185,25.85498898845013,6.0484083986331,36.583244156655425
2010-06-26,981.6200084287991,1362.9915392908329,16.36033347381332,22.716525654847214,17.8910866659925,27.4253597017281,6.356192181033894,40.40117904223641
2010-06-27,1139.9640079884462,1238.4238185512802,18.99940013314077,20.64039697585467,19.32241228216734,21.926532721350597,1.6409968427139,2.6928706377969878
2010-06-28,1471.340003381293,1436.3058759688631,24.522333389688217,23.93843126614772,24.767984501792533,23.12892430048331,0.5839021235404971,0.3409416898751019
2010-06-29,1368.543003135011,1462.0004587923631,22.809050052250186,24.36667431320605,23.009938339160115,25.690625352143933,1.5576242609558655,2.4261933383183063
2010-06-30,1384.1360068342094,1406.9164352755001,23.068933447236823,23.448607254591668,24.280640880958625,22.636679487171417,0.3796738073548447,0.14415219999132373
2010-07-01,1349.0019934170232,1194.089221337423,22.483366556950386,19.901487022290382,17.359899108910408,22.38165801011679,2.581879534660004,6.66610193149616
2010-07-02,1140.9280084907264,1235.9953514875008,19.015466808178772,20.59992252479168,15.926788532336019,25.160131363229233,1.5844557166129078,2.5104999179073233
2010-07-03,1120.0739965292103,1498.7468074366213,18.667899942153504,24.979113457277023,23.446818908455395,26.474380573591777,6.311213515123519,39.83141603347777
2010-07-04,1538.088000786454,1263.840814978198,25.634800013107565,21.064013582969967,21.84891369129017,20.298081387484384,4.570786430137598,20.89208858993001
2010-07-05,1113.9899901561141,1326.0604309936848,18.566499835935236,22.10100718322808,21.654859175378828,22.536374666782535,3.5345073472928448,12.492742188067103
2010-07-06,1005.9340130895474,1398.2826034915806,16.76556688482579,23.30471005819301,21.326723729545346,25.234898925822844,6.5391431733672185,42.760393441795095
2010-07-07,834.787987725248,1514.0380251860208,13.913133128754133,25.23396708643368,28.385510452069184,22.158579943308098,11.320833957679547,128.16128149735036
2010-07-08,1212.6520104589006,1372.9159461982374,20.210866840981677,22.88193243663729,24.374621991586,21.425313335711134,2.6710655956556124,7.134591416295072
2010-07-09,1083.4780152242254,1490.02758398685,18.057966920403757,24.8337930664475,24.101381357372706,25.54850617538455,6.775826146043745,45.911819961410025
2010-07-10,1154.504013709904,1378.866364943252,19.241733561831733,22.981106082387534,18.387088969917865,27.46411030493936,3.7393725205558006,13.982906847487842
2010-07-11,1193.572016195853,1226.0276342359552,19.89286693659755,20.43379390393259,20.5863971837368,20.284877691418043,0.5409269673350394,0.2926019839902828
2010-07-12,1109.574000836211,1198.2099202434272,18.49290001393685,19.97016533739045,18.009612505695248,21.883342909436994,1.4772653234536008,2.182312835878472
2010-07-13,1382.1139906923675,1421.8092009059665,23.035233178206123,23.69682001509944,20.366557912675855,26.94660772639856,0.6615868368933171,0.4376971427505046
2010-07-14,1409.4720096672763,1359.8680752787666,23.491200161121274,22.664467921312777,25.33767262542901,20.05586036525257,0.8267322398084964,0.6834861963387733
2010-07-15,1635.8130006764593,1315.9570134143432,27.263550011274322,21.932616890239053,23.633011405125842,20.27331269192489,5.330933121035269,28.418847940950833
2010-07-16,820.0559701028428,1354.3301002096866,13.667599501714047,22.57216833682811,21.0908445307665,24.01769677997579,8.904568835114063,79.29134613928461
2010-07-17,806.3520246644348,1484.252427903222,13.439200411073914,24.7375404650537,22.7449932677749,26.681938253982473,11.298340053979787,127.65248797536398
2010-07-18,812.0380309144502,1288.8917455507917,13.533967181907505,21.481529092513195,21.620638857187714,21.345781364403088,7.947561910605691,63.16374032291038
2010-07-19,801.1580336747816,1569.719541512198,13.352633894579693,26.161992358536633,30.46089663899871,21.966969590735978,12.80935846395694,164.0796642581453
2010-07-20,855.8239762640688,1372.262248466479,14.263732937734481,22.871037474441316,20.635075274875884,25.05296873311104,8.607304536706835,74.08569138761406
2010-07-21,1064.165989652183,1279.3230441433436,17.736099827536385,21.322050735722392,21.19203472130804,21.448925802180252,3.585950908186007,12.859043915920047
2010-07-22,1164.4460129053132,1289.042844209197,19.407433548421885,21.484047403486617,22.75340987069077,20.24535869525785,2.076613855064732,4.312325103046808
2010-07-23,1176.1580075439658,1536.8310993539662,19.602633459066098,25.61385165589944,24.98157074034604,26.2308536727065,6.01121819683334,36.13474420994027
2010-07-24,921.6680098969287,1422.7427297777535,15.361133498282145,23.712378829629227,21.4500143165362,25.920074190454557,8.351245331347082,69.74329858434643
2010-07-25,1130.4100142213158,1251.0308259207768,18.840166903688598,20.85051376534628,22.286729062494246,19.44900497818263,2.010346861657684,4.0414945041768995
2010-07-26,884.1499976820627,1328.4161318038466,14.735833294701045,22.140268863397445,21.57114581921978,22.69563904501255,7.4044355686964,54.82566609097638
2010-07-27,952.3600112217708,1412.0934535669687,15.872666853696181,23.534890892782812,19.874123498107565,27.10719711269451,7.662224039086631,58.709677225157044
2010-07-28,862.6540094093177,1320.214915915248,14.377566823488628,22.0035819319208,21.599040226920522,22.398347999285214,7.626015108432171,58.15610643403573
2010-07-29,549.1040194270454,1324.5347773981555,9.151733657117424,22.07557962330259,21.27155484253756,22.86017603103888,12.923845966185167,167.02579455768063
2010-07-30,551.2600294853755,1316.747102164189,9.187667158089592,21.945785036069818,18.04515461550242,25.752157562032867,12.758117877980226,162.76957178843867
2010-07-31,554.6159717236842,1291.2600006727168,9.24359952872807,21.521000011211946,16.073460678551584,26.836901222994705,12.277400482483875,150.7345626072953
2010-08-01,555.6640332972847,1205.359417962766,9.261067221621412,20.089323632712766,17.478515686357287,22.637042099574284,10.828256411091354,117.25113690434102
2010-08-02,549.4820301605228,1303.9132436628815,9.158033836008713,21.73188739438136,21.030554378393838,22.4162734437833,12.573853558372647,158.1017933074005
2010-08-03,615.212018637657,1450.740226390191,10.253533643960951,24.17900377316985,22.016757864946022,26.2889998073003,13.925470129208898,193.9187183194893
2010-08-04,543.3560135661867,1199.8930105965044,9.055933559436445,19.998216843275074,18.357863290538248,21.598931544771762,10.942283283838629,119.73356346377429
2010-08-05,533.4759733527801,1221.4087851146496,8.891266222546335,20.35681308524416,20.772288011265367,19.95137788432309,11.465546862697824,131.45876486071992
2010-08-06,524.7459731030244,1395.7321889625678,8.745766218383741,23.26220314937613,21.83270278386783,24.65716019741009,14.51643693099239,210.72694117147975
2010-08-07,527.4759874221636,1425.5828482550746,8.79126645703606,23.759714137584577,20.697162914873967,26.748259927037573,14.968447680548516,224.05442596531827
2010-08-08,528.4600179428878,1272.6972928089203,8.807666965714796,21.21162154681534,19.05366672131229,23.31742959390818,12.403954581100544,153.85808925000518
2010-08-09,535.0639922187186,1111.6489563574296,8.917733203645309,18.52748260595716,14.195836727817063,22.754456063337702,9.609749402311852,92.34728357523299
2010-08-10,544.7580335995951,1340.9368028869458,9.079300559993252,22.34894671478243,19.081194115152424,25.537735808299924,13.269646154789177,176.08350907331118
2010-08-11,542.0020168224353,1054.7286412865806,9.033366947040587,17.578810688109677,12.503652285906137,22.53133093478858,8.54544374106909,73.02460873177688
2010-08-12,529.6979787177215,1205.5869800992887,8.828299645295358,20.093116334988146,18.67036678992876,21.481485755083163,11.264816689692788,126.89609505238118
2010-08-13,534.2939944305779,1210.5186306648166,8.904899907176297,20.175310511080276,14.708450810392586,25.510065705656977,11.27041060390398,127.02215518059126
2010-08-14,554.2699765166449,1360.5522040121778,9.237832941944081,22.675870066869628,19.86496034024461,25.418855143388768,13.438037124925547,180.58084177087724
2010-08-15,1055.9859820184079,1306.0130640345824,17.599766366973466,21.766884400576373,22.489795055263418,21.061443131651036,4.1671180336029074,17.364872705978563
2010-08-16,1129.7300093152317,1100.9304181305338,18.828833488587193,18.348840302175564,14.942239993893281,21.673121839254367,0.4799931864116296,0.2303934590015894
2010-08-17,1138.9144837765818,1183.634608059438,18.98190806294303,19.7272434676573,14.358484811326496,24.96626881858999,0.7453354047142682,0.5555248655205819
2010-08-18,1259.5247726063124,1189.096383737865,20.99207954343854,19.81827306229775,17.68721317501526,21.897837248341556,1.1738064811407902,1.3778216551681244
2010-08-19,1187.2199407320988,926.0412170476194,19.786999012201647,15.43402028412699,10.763796670957095,19.99139052089727,4.352978728074657,18.94842380707046
2010-08-20,1114.9150682290444,1300.6932252109928,18.581917803817408,21.678220420183212,16.37548735423122,26.852814354872393,3.0963026163658043,9.587089892113726
2010-08-21,1042.6101957259903,1494.2873249427946,17.376836595433172,24.904788749046578,22.41198676252026,27.337352723545738,7.5279521536134055,56.67006362709271
2010-08-22,964.6355278803428,1141.681998515648,16.077258798005712,19.028033308594136,17.293164883835797,20.72097886412004,2.950774510588424,8.707070212338353
2010-08-23,765.6580153465324,1181.2474198977668,12.760966922442206,19.687456998296113,14.89580258331646,24.363322603138645,6.926490075853907,47.97626477090267
2010-08-24,722.9480029552053,1290.0186677041086,12.049133382586755,21.50031112840181,18.68965059199949,24.243053447598022,9.451177745815054,89.32476078298971
2010-08-25,980.4080094831455,996.9469947937924,16.34013349138576,16.615783246563208,11.985602064450642,21.13407734153646,0.2756497551774473,0.07598278752938663
2010-08-26,757.2519894721794,991.1240287219206,12.62086649120299,16.51873381203201,13.210074064186012,19.74744141864283,3.89786732082902,15.193369650786803
2010-08-27,2030.6500110752672,1290.4008835225939,33.84416685125446,21.50668139204323,16.82319483241437,26.076993099570775,12.337485459211226,152.21354745624845
2010-08-28,1442.8559967164024,1259.951680149521,24.047599945273372,20.999194669158683,14.855498773384232,26.99443007258129,3.048405276114689,9.292774727443874
2010-08-29,1668.4799953386873,1112.8956523330048,27.807999922311456,18.548260872216748,15.245620964261496,21.771092871321148,9.259739050094709,85.74276727584885
2010-08-30,1494.8020009390334,1233.604669245533,24.913366682317225,20.56007782075888,19.47785280934413,21.61615106316342,4.353288861558344,18.95112391216794
2010-08-31,1365.106006359591,1181.5340563686054,22.75176677265985,19.69223427281009,14.734541297568137,24.530126001326323,3.059532499849759,9.360739117636914
2010-09-01,1593.3179999188455,1291.7277198863658,26.555299998647424,21.52879533143943,20.952407173404865,22.091255584322937,5.026504667207995,25.265749169463753
2010-09-02,1392.4919982912925,1112.7033966590134,23.20819997152154,18.545056610983558,17.51042151492561,19.554690072795573,4.663143360537983,21.744906000929475
2010-09-03,1346.4139972104022,1262.5184477868984,22.440233286840037,21.04197412978164,15.258149544425578,26.6860348261286,1.3982591570583978,1.9551286702976611
2010-09-04,1743.8400043010322,1414.827063538506,29.06400007168387,23.5804510589751,20.5125921860931,26.574176009890913,5.483549012708771,30.069309774779338
2010-09-05,1323.0180012043097,1245.027183394501,22.050300020071827,20.750453056575015,21.24364519902157,20.269179384535335,1.2998469634968117,1.6896021285118819
2010-09-06,1422.8760025323204,1080.537706025843,23.71460004220534,18.008961767097382,12.746173961558814,23.144576561346604,5.705638275107958,32.55430812637692
2010-09-07,1451.853994956345,1110.1479644681795,24.197566582605752,18.50246607446966,10.450186712806012,26.36016477673545,5.695100508136093,32.434169797771986
2010-09-08,1303.8119965919632,1083.259797721054,21.730199943199388,18.054329962017565,14.346422108535288,21.672637340329526,3.6758699811818225,13.512020118553652
2010-09-09,1238.7139897312559,1104.5925799408778,20.645233162187598,18.409876332347963,14.788532963917874,21.94371059518058,2.2353568298396347,4.996820156710702
2010-09-10,1328.1080026763002,1452.5034876030957,22.135133377938338,24.208391460051594,23.08511286730765,25.30452643221278,2.073258082113256,4.298399075047936
2010-09-11,1463.309997427225,1319.4865626887813,24.388499957120416,21.99144271147969,18.131421155723118,25.75818840556796,2.3970572456407275,5.745883438878711
2010-09-12,1612.0919993381324,1255.9387898722011,26.868199988968872,20.932313164536687,20.630155799419605,21.227169188413946,5.935886824432185,35.234752392467605
2010-09-13,1076.3199854483485,1337.1924895607924,17.93866642413914,22.286541492679873,22.220405527283944,22.351079051769606,4.347875068540734,18.904017611638093
2010-09-14,1430.6779994326184,1260.181131527134,23.844633323876973,21.00301885878557,16.1425493449423,25.746036996474647,2.8416144650914035,8.074772768216704
2010-09-15,986.094015733161,1030.7977259643917,16.43490026221935,17.179962099406527,11.441695648800723,22.77956637973239,0.7450618371871762,0.5551171412327303
2010-09-16,1339.738008314506,1191.4764618524212,22.328966805241766,19.857941030873686,20.453981020560605,19.276304642347192,2.47102577436808,6.105968377591369
2010-09-17,1497.6080013474123,1288.8587143033374,24.960133355790205,21.48097857172229,16.734427587051204,26.112830445620055,3.479154784067916,12.104518011502666
2010-09-18,1247.9459999361757,1195.3327888922672,20.79909999893626,19.922213148204452,13.201012478424703,26.480997996013866,0.8768868507318075,0.7689305489863473
2010-09-19,919.6000019074626,1151.9947358820568,15.326666698457709,19.19991226470095,19.069571558135006,19.327103558968588,3.8732455662432397,15.002031216422914
2010-09-20,1682.8320012572126,1263.743549533664,28.047200020953543,21.062392492227733,21.421216594278174,20.712239600494616,6.98480752872581,48.78753621334475
2010-09-21,1111.3760118058926,1161.6425822711058,18.52293353009821,19.36070970451843,13.082626808222225,25.487084679086415,0.8377761744202203,0.7018689184261795
2010-09-22,1510.3939990744254,1222.3003037651968,25.17323331790709,20.371671729419948,19.190769421258324,21.52403803277211,4.801561588487143,23.054993688035175
2010-09-23,1449.862003527749,970.7311947307077,24.164366725462482,16.178853245511796,10.632068489482698,21.591602779064495,7.985513479950686,63.76842553847412
2010-09-24,1327.992007336223,1232.9368529916458,22.133200122270384,20.548947549860763,16.46286915612796,24.53628736501203,1.5842525724096213,2.5098562131865023
2010-09-25,585.3598154492051,1221.6755540824065,9.755996924153418,20.361259234706775,14.202396931288558,26.371293693338878,10.605262310553357,112.47158867564353
2010-09-26,1369.9661907944023,1097.7035130901536,22.832769846573374,18.29505855150256,15.046467867421311,21.46514923682846,4.537711295070814,20.590823797413243
2010-09-27,2237.72700488067,1270.1776952555465,37.2954500813445,21.16962825425911,19.94498155050891,22.36468260334275,16.12582182708539,260.04212959890356
2010-09-28,2887.7329970329774,1423.103879542358,48.128883283882956,23.718397992372633,21.109568331983503,26.26418625072925,24.410485291510323,595.8717921670418
2010-09-29,1684.426002719938,1483.7665171261685,28.073766711998967,24.72944195210281,26.270552366843184,23.22557184806567,3.344324759896157,11.184508099654488
2010-09-30,1248.2779985076081,1291.1076628346716,20.804633308460136,21.518461047244525,22.06046061597292,20.989558862449417,0.7138277387843885,0.5095500406580332
2010-10-01,1504.8200014594977,1417.4407067007921,25.080333357658294,23.624011778346535,20.6035384916102,26.57149619927588,1.4563215793117585,2.120872542369095
2010-10-02,1923.2540088963406,1318.548767788725,32.05423348160568,21.97581279647875,16.09332615019106,27.71615081009758,10.078420685126929,101.57456350639436
2010-10-03,1830.68399884826,1279.4134839426472,30.511399980804335,21.323558065710788,20.644243172770246,21.98645755273101,9.187841915093546,84.41643905674985
2010-10-04,1775.9599976456732,1371.2297071100095,29.599333294094553,22.85382845183349,23.468434128832524,22.254074647536804,6.745504842261063,45.50183557696745
2010-10-05,1854.6239947163358,1453.942256422879,30.91039991193893,24.232370940381315,21.697255032031244,26.706226682788028,6.678028971557616,44.59607094496287
2010-10-06,1315.4559988657754,1404.9943457672553,21.924266647762924,23.416572429454256,23.095153946702474,23.730224201453847,1.492305781691332,2.226976546069378
2010-10-07,1809.9540064228509,1432.3821152107357,30.165900107047513,23.873035253512263,26.73147640689222,21.083667784638024,6.292864853535249,39.60014806485921
2010-10-08,1510.4559986852687,1550.5081231068336,25.17426664475448,25.84180205178056,24.801266970911804,26.857192958887417,0.667535407026083,0.4456035196334784
2010-10-09,1611.7800003135133,1407.878993453937,26.86300000522522,23.46464989089895,19.05339586237457,27.769307892345477,3.39835011432627,11.548783499541372
2010-10-10,1998.9040163660884,1216.1326832380275,33.31506693943481,20.268878053967125,16.176347123190574,24.26251500084663,13.046188885467682,170.20304443530048
2010-10-11,1622.5899991393342,1549.9351726565792,27.043166652322235,25.832252877609655,27.510400012751706,24.194657726901507,1.21091377471258,1.466312169788669
2010-10-12,1579.6920000383536,1527.9413668171658,26.328200000639228,25.465689446952762,24.490770028389264,26.41705031690443,0.8625105536864659,0.743924455220534
2010-10-13,2073.886004437746,1366.4813941879486,34.5647667406291,22.774689903132476,21.97411789667599,23.55591682568357,11.790076837496628,139.00591183407448
2010-10-14,2135.1219962209148,1315.3787837541058,35.58536660368191,21.9229797292351,20.84570195631774,22.974225588222183,13.662386874446813,186.66081510705658
2010-10-15,1596.3239996043146,1527.771441769721,26.605399993405243,25.462857362828682,23.793952230893478,27.091434053597006,1.1425426305765605,1.3054036626848067
2010-10-16,1000.0139847173449,1801.84964969038,16.666899745289083,30.030827494839667,32.64859888591016,27.476313431161092,13.363927749550584,178.59456489520812
2010-10-17,1047.3820124323715,1298.3971878533364,17.45636687387286,21.63995313088894,17.619850557205147,25.562911469413336,4.183586257016081,17.502393969893824
2010-10-18,2713.8839755285762,1520.4640197467463,45.231399592142935,25.341066995779105,27.951392982512285,22.793818977035034,19.89033259636383,395.6253307939735
2010-10-19,1925.9780101470624,1713.9906654458466,32.09963350245104,28.56651109076411,31.26290826070916,25.935271323659073,3.533122411686932,12.482953975964485
2010-10-20,1727.964000412234,1710.8604976750719,28.799400006870567,28.514341627917865,32.37878817228254,24.743278103788718,0.2850583789527015,0.08125827941114196
2010-10-21,1355.1979931893916,1707.677136594666,22.58663321982319,28.4612856099111,32.648323286941036,24.375426104057347,5.87465239008791,34.51154070436559
2010-10-22,1668.8920022545847,1665.7386252585843,27.814866704243077,27.762310420976405,28.01368579815569,27.517009394049083,0.0525562832666715,0.002762162910806615
2010-10-23,2293.2360365424406,1535.5299810463307,38.22060060904068,25.592166350772178,22.84126364428649,28.27659434890295,12.628434258268502,159.47735181540952
2010-10-24,2392.3040202210764,1544.699991640407,39.871733670351276,25.74499986067345,26.376127805908066,25.12912292417893,14.126733809677827,199.56460812949462
2010-10-25,1163.2919913152778,1617.884239849257,19.38819985525463,26.96473733082095,30.96824691669339,23.05797144745376,7.576537475566319,57.40392011866085
2010-10-26,945.9040071836147,1606.013533723181,15.765066786393579,26.76689222871968,26.193571209581084,27.32635906712433,11.001825442326101,121.04016306341391
2010-10-27,1260.2779906832616,1691.2101049608236,21.00463317805436,28.186835082680393,32.02761685094361,24.438864483720458,7.182201904626034,51.58402419881383
2010-10-28,1463.325995033234,1653.600591518192,24.388766583887232,27.560009858636533,31.348165174239522,23.863394198911077,3.171243274749301,10.056783907642671
2010-10-29,1204.4219887222757,1835.898304258242,20.07369981203793,30.5983050709707,31.761709214608484,29.46301405362586,10.52460525893277,110.76731585635531
2010-10-30,2152.6999828736957,1830.4543443264436,35.87833304789493,30.507572405440726,32.7418833812071,28.327252588163574,5.370760642454201,28.84506987853506
2010-10-31,1476.4300048532834,1569.61909432158,24.607166747554725,26.160318238692998,26.022044962597228,26.29525021586178,1.5531514911382729,2.4122795544250404
2010-11-01,1383.1799898991183,1562.9395986488746,23.05299983165197,26.048993310814577,25.227192565827718,26.850935524922235,2.995993479162607,8.975976927184862
2010-11-02,1191.0819964384775,1795.068939957689,19.85136660730796,29.917815665961484,30.6775871749087,29.17640365296004,10.066449058653525,101.33339665046644
2010-11-03,1293.2980042633574,1553.2153421070616,21.554966737722623,25.886922368451028,25.4306814371134,26.332138409945987,4.331955630728405,18.765839586599537
2010-11-04,2555.146038729914,1607.2057819736697,42.58576731216523,26.786763032894495,28.699113977320497,24.920623416475742,15.799004279270736,249.60853621641505
2010-11-05,1736.0880011891632,1839.3330461330056,28.934800019819384,30.655550768883426,33.10830947791823,28.26206208974711,1.7207507490640417,2.9609831404044606
2010-11-06,1805.408004812844,1614.0189236784154,30.0901334135474,26.900315394640256,23.22516318964339,30.48665837113861,3.1898180189071432,10.174938993744693
2010-11-07,1673.8160044408587,1651.8896805664747,27.896933407347646,27.53149467610791,28.3001675408261,26.781396470904152,0.3654387312397347,0.13354546629010705
2010-11-08,1825.5400016470358,1714.485402838533,30.42566669411726,28.57475671397555,29.01747344694444,28.142737893325446,1.8509099801417115,3.425867754588191
2010-11-09,2022.0980057764318,1877.2484287239222,33.7016334296072,31.287473812065368,33.37092143812869,29.25437209105012,2.4141596175418307,5.828166658969718
2010-11-10,1946.5340095623558,1877.3760032835867,32.44223349270593,31.289600054726446,35.00524160802787,27.663745530688683,1.1526334379794854,1.328563842348408
2010-11-11,1773.5920066112124,1645.8355109982365,29.55986677685354,27.430591849970607,28.19028548697323,26.68925584675856,2.129274926882932,4.533811714252315
2010-11-12,1836.8220009505899,1892.0586568645929,30.613700015843165,31.534310947743215,33.23741235913881,29.872363843344278,0.9206109319000504,0.8475244879338792
2010-11-13,2023.1740199924047,1890.5423479024148,33.719566999873415,31.509039131706913,30.934281883051074,32.06990673403665,2.2105278681665013,4.886433455940737
2010-11-14,2038.391999177914,1685.2798178063551,33.97319998629857,28.087996963439252,27.33930883293656,28.818593071197164,5.885203022859315,34.63561462027242
2010-11-15,1747.3819961579215,1756.5872725856884,29.12303326929869,29.276454543094808,29.727275544767014,28.836527318610724,0.15342127379611625,0.02353808725322287
2010-11-16,1509.7480005079713,1802.582736176783,25.162466675132855,30.043045602946385,26.782447403582488,33.224851953049544,4.880578927813531,23.820050670617473
2010-11-17,1582.0319999441379,1849.0100030863857,26.367199999068966,30.816833384773094,31.109049549728635,30.53167851232383,4.449633385704129,19.799237267172785
2010-11-18,1652.1520006761798,1831.1110485924107,27.53586667793633,30.51851747654018,31.195739645613187,29.857659588762992,2.9826507986038493,8.89620578641218
2010-11-19,1570.3999996837858,2065.660167471709,26.173333328063098,34.42766945786182,36.63678073378405,32.271940415679445,8.25433612979872,68.13406494370051
2010-11-20,2197.0060180125706,1958.1797791907368,36.61676696687618,32.63632965317895,31.74022671511084,33.51077809632396,3.98043731369723,15.843881208273222
2010-11-21,900.9100038858863,1873.2070779437217,15.015166731431439,31.220117965728697,32.85891407957365,29.620923121446268,16.20495123429726,262.6004445059522
2010-11-22,2041.5359807545124,1815.4281332688374,34.02559967924187,30.257135554480623,31.34679056513061,29.193811418313413,3.7684641247612483,14.20132185961256
2010-11-23,1577.5360000578803,1932.026385026902,26.29226666763134,32.20043975044837,31.570189261206828,32.81546018019578,5.908173082817029,34.90650917652368
2010-11-24,1796.2480092279898,2075.8051077262026,29.937466820466497,34.59675179543671,41.004123111325825,28.34421157411452,4.6592849749702125,21.708936477983173
2010-11-25,1431.1640016245633,1861.831794822018,23.85273336040939,31.030529913700303,33.511348254387855,28.60965993526338,7.177796553290914,51.52076336043493
2010-11-26,1488.1040013687111,2034.3112790511166,24.801733356145185,33.905187984185275,35.43915830339719,32.40828606489457,9.10345462804009,82.87288616478453
